Workbook

Sheet Data
A1: Age | B1: Fare | C1: Survived | D1: SibSp | E1: Parch
A2: 22 | B2: 7.25 | C2: 0 | D2: 1 | E2: 0
A3: 38 | B3: 71.28 | C3: 1 | D3: 1 | E3: 0
A4: 26 | B4: 7.93 | C4: 1 | D4: 0 | E4: 0
A5: 35 | B5: 53.1 | C5: 1 | D5: 1 | E5: 0
A6: 35 | B6: 8.05 | C6: 0 | D6: 0 | E6: 0
A7: 28 | B7: 8.46 | C7: 0 | D7: 0 | E7: 0
A8: 54 | B8: 51.86 | C8: 0 | D8: 0 | E8: 0
A9: 2 | B9: 21.08 | C9: 1 | D9: 1 | E9: 2
A10: 27 | B10: 11.13 | C10: 1 | D10: 0 | E10: 1
A11: 14 | B11: 30.07 | C11: 1 | D11: 1 | E11: 0
A12: 4 | B12: 16.7 | C12: 1 | D12: 1 | E12: 1
A13: 58 | B13: 26.55 | C13: 1 | D13: 0 | E13: 0
... A31: 18 | B31: 7.75 | C31: 0 | D31: 0 | E31: 0

Sheet Summary Statistics
A1: Descriptive Statistics Primer — Summary Table
A2: Statistic | B2: Age | C2: Fare | D2: Survived | E2: SibSp | F2: Parch
A3: Count | B3: =COUNT(Data!$A$2:$A$31) -> 30 | C3: =COUNT(Data!$B$2:$B$31) -> 30 | D3: =COUNT(Data!$C$2:$C$31) -> 30 | E3: =COUNT(Data!$D$2:$D$31) -> 30 | F3: =COUNT(Data!$E$2:$E$31) -> 30
A4: Mean | B4: =AVERAGE(Data!$A$2:$A$31) -> 28.666667 | C4: =AVERAGE(Data!$B$2:$B$31) -> 20.415333 | D4: =AVERAGE(Data!$C$2:$C$31) -> 0.53333333 | E4: =AVERAGE(Data!$D$2:$D$31) -> 0.5 | F4: =AVERAGE(Data!$E$2:$E$31) -> 0.43333333
A5: Median | B5: =MEDIAN(Data!$A$2:$A$31) -> 28.5 | C5: =MEDIAN(Data!$B$2:$B$31) -> 14.5 | D5: =MEDIAN(Data!$C$2:$C$31) -> 1 | E5: =MEDIAN(Data!$D$2:$D$31) -> 0 | F5: =MEDIAN(Data!$E$2:$E$31) -> 0
A6: Mode | B6: =MODE(Data!A2:A31) -> 35 | C6: =MODE(Data!B2:B31) -> 8.05 | D6: =MODE(Data!C2:C31) -> 1 | E6: =MODE(Data!D2:D31) -> 0 | F6: =MODE(Data!E2:E31) -> 0
A7: Standard Deviation (sample) | B7: =STDEV(Data!A2:A31) -> 15.146032 | C7: =STDEV(Data!B2:B31) -> 16.062161 | D7: =STDEV(Data!C2:C31) -> 0.50741626 | E7: =STDEV(Data!D2:D31) -> 0.82000841 | F7: =STDEV(Data!E2:E31) -> 1.0400044
A8: Minimum | B8: =MIN(Data!A2:A31) -> 2 | C8: =MIN(Data!B2:B31) -> 7.23 | D8: =MIN(Data!$C$2:$C$31) -> 0 | E8: =MIN(Data!$D$2:$D$31) -> 0 | F8: =MIN(Data!$E$2:$E$31) -> 0
A9: 25th Percentile (Q1) | B9: =QUARTILE(Data!A2:A31,1) -> 19.25 | C9: =QUARTILE(Data!B2:B31,1) -> 8.05 | D9: =QUARTILE(Data!C2:C31,1) -> 0 | E9: =QUARTILE(Data!D2:D31,1) -> 0 | F9: =QUARTILE(Data!E2:E31,1) -> 0
A10: 75th Percentile (Q3) | B10: =QUARTILE(Data!A2:A31,3) -> 37.5 | C10: =QUARTILE(Data!B2:B31,3) -> 27.5625 | D10: =QUARTILE(Data!C2:C31,3) -> 1 | E10: =QUARTILE(Data!D2:D31,3) -> 1 | F10: =QUARTILE(Data!E2:E31,3) -> 0
A11: Maximum | B11: =MAX(Data!$A$2:$A$31) -> 58 | C11: =MAX(Data!$B$2:$B$31) -> 71.28 | D11: =MAX(Data!C2:C31) -> 1 | E11: =MAX(Data!$D$2:$D$31) -> 4 | F11: =MAX(Data!$E$2:$E$31) -> 5

Sheet Interpretation
A2: Descriptive Statistics Primer
A4: Short Write-up: What the Numbers Reveal
A6: 1. Purpose | B6: The purpose of this project is to understand numerical data using descriptive statistics. We calculate the mean, median, mode, standard deviation, and percentiles to understand the data more clearly.
A10: 2. Mean vs. Median | B10: The mean gives the average value, while the median gives the middle value. In our dataset, the average fare is 20.42 and the median fare is 14.50. Since the mean is higher than the median, some higher ticket fares may be pulling the average upward.
A14: 3. Standard Deviation | B14: Standard deviation tells us how much the values differ from the mean. A higher standard deviation indicates that the values are more spread out, while a lower standard deviation indicates that they are closer to the average.
A18: 4. Percentiles and the Middle 50% | B18: The 25th percentile (Q1) and the 75th percentile (Q3) help us understand the middle 50% of the data. The difference between Q3 and Q1 is called the interquartile range (IQR).
A19: Middle 50%
A22: 5. Age Distribution | B22: The average age is 28.67 years, and the median age is 28.50 years. Since these values are close, the ages in our sample are reasonably balanced around the center
A26: 6. Survival Analysis | B26: The mean of the Survived column is 0.53. This means that 53% of the 30 records in our practice dataset have a survival value of 1.
A30: 7. Conclusion
A34: Note: The current analysis uses 30 practice records for learning Excel formulas. The complete Titanic dataset should be used for the final dataset-based analysis.

Sheet Start Here
A1: Descriptive Statistics Primer
A3: What to do | B3: Instructions
A4: 1 | B4: Open the Data sheet and review the five numerical columns.
A5: 2 | B5: Open Summary Statistics. Excel formulas calculate count, mean, median, mode, sample standard deviation, minimum, Q1, Q3, and maximum.
A6: 3 | B6: Read the Interpretation sheet for simple explanations of skew and spread.
A7: 4 | B7: For your final submission, replace the practice rows in Data with the complete official Titanic dataset.
